{"val_loss":{"0":1.9476322174,"1":1.7290836573,"2":1.728668499},"val_accuracy":{"0":0.8374999762,"1":0.8396999836,"2":0.6305000186},"loss":{"0":1.5466227531,"1":0.3689804455,"2":0.228499949},"accuracy":{"0":0.5907333493,"1":0.8892166615,"2":0.9326999784}}