{"val_loss":{"0":2.2958907051,"1":2.2607762362,"2":2.1031103083,"3":1.9933767382,"4":1.9128867588,"5":1.8147638378,"6":1.7460840232,"7":1.7220772012,"8":1.5536278,"9":1.6234273376},"val_accuracy":{"0":0.0961666703,"1":0.1561666727,"2":0.2471666634,"3":0.2771666646,"4":0.2633333206,"5":0.3698333204,"6":0.4275000095,"7":0.3968333304,"8":0.4835000038,"9":0.4766666591},"loss":{"0":2.300819087,"1":2.2902411032,"2":2.2595486975,"3":2.1988562727,"4":2.1679709339,"5":2.1565853996,"6":2.1359312153,"7":2.1055700183,"8":2.0238157749,"9":2.0178152943},"accuracy":{"0":0.1243750006,"1":0.1387500018,"2":0.1675000042,"3":0.181250006,"4":0.1924999952,"5":0.199494943,"6":0.2056249976,"7":0.2175000012,"8":0.259375006,"9":0.2537499964}}