{"val_loss":{"0":3.8527724743,"1":3.3631854057,"2":2.4313011169},"val_accuracy":{"0":0.0825000033,"1":0.3100000024,"2":0.375},"loss":{"0":4.6834681034,"1":3.7638058329,"2":3.0247175646},"accuracy":{"0":0.0350000001,"1":0.1174999997,"2":0.2175000012}}